{"1": {"action": [-0.16666666666666666, 0.01], "state": {"0": [265.9779538449818, 250.0381939399501], "3": [80.0, 80.0], "1": [920.0, 80.0], "2": [920.0, 420.0], "white": [265.9779538449818, 250.0381939399501]}}, "2": {"action": [-0.16666666666666666, 0.01], "state": {"0": [265.95591805186564, 250.07639385908277], "3": [80.0, 80.0], "1": [920.0, 80.0], "2": [920.0, 420.0], "white": [265.95591805186564, 250.07639385908277]}}, "3": {"action": [-0.16666666666666666, 0.01], "state": {"0": [265.9338843196681, 250.1145949669914], "3": [80.0, 80.0], "1": [920.0, 80.0], "2": [920.0, 420.0], "white": [265.9338843196681, 250.1145949669914]}}, "4": {"action": [-0.16666666666666666, 0.01], "state": {"0": [265.91183607495265, 250.15278770065854], "3": [80.0, 80.0], "1": [920.0, 80.0], "2": [920.0, 420.0], "white": [265.91183607495265, 250.15278770065854]}}, "5": {"action": [-0.16666666666666666, 0.01], "state": {"0": [265.8897761029941, 250.19097366191644], "3": [80.0, 80.0], "1": [920.0, 80.0], "2": [920.0, 420.0], "white": [265.8897761029941, 250.19097366191644]}}, "6": {"action": [-0.16666666666666666, 0.01], "state": {"0": [265.8677258581276, 250.22916524084852], "3": [80.0, 80.0], "1": [920.0, 80.0], "2": [920.0, 420.0], "white": [265.8677258581276, 250.22916524084852]}}, "7": {"action": [-0.16666666666666666, 0.01], "state": {"0": [265.8456787290842, 250.26735861855914], "3": [80.0, 80.0], "1": [920.0, 80.0], "2": [920.0, 420.0], "white": [265.8456787290842, 250.26735861855914]}}, "8": {"action": [-0.16666666666666666, 0.01], "state": {"0": [265.82361853483354, 250.30554445139833], "3": [80.0, 80.0], "1": [920.0, 80.0], "2": [920.0, 420.0], "white": [265.82361853483354, 250.30554445139833]}}, "9": {"action": [-0.16666666666666666, 0.01], "state": {"0": [265.8015636673115, 250.34373336102644], "3": [80.0, 80.0], "1": [920.0, 80.0], "2": [920.0, 420.0], "white": [265.8015636673115, 250.34373336102644]}}, "10": {"action": [-0.16666666666666666, 0.01], "state": {"0": [265.77952067544794, 250.38192912662555], "3": [80.0, 80.0], "1": [920.0, 80.0], "2": [920.0, 420.0], "white": [265.77952067544794, 250.38192912662555]}}, "11": {"action": [-0.16666666666666666, 0.01], "state": {"0": [265.75748147340147, 250.42012707909888], "3": [80.0, 80.0], "1": [920.0, 80.0], "2": [920.0, 420.0], "white": [265.75748147340147, 250.42012707909888]}}, "12": {"action": [-0.16666666666666666, 0.01], "state": {"0": [265.7354207757088, 250.45831262109206], "3": [80.0, 80.0], "1": [920.0, 80.0], "2": [920.0, 420.0], "white": [265.7354207757088, 250.45831262109206]}}, "13": {"action": [-0.16666666666666666, 0.01], "state": {"0": [265.71337298216, 250.49650561520917], "3": [80.0, 80.0], "1": [920.0, 80.0], "2": [920.0, 420.0], "white": [265.71337298216, 250.49650561520917]}}, "14": {"action": [-0.16666666666666666, 0.01], "state": {"0": [265.6913215760272, 250.53469652365038], "3": [80.0, 80.0], "1": [920.0, 80.0], "2": [920.0, 420.0], "white": [265.6913215760272, 250.53469652365038]}}, "15": {"action": [-0.16666666666666666, 0.01], "state": {"0": [265.66927356361725, 250.57288939142398], "3": [80.0, 80.0], "1": [920.0, 80.0], "2": [920.0, 420.0], "white": [265.66927356361725, 250.57288939142398]}}, "16": {"action": [-0.16666666666666666, 0.01], "state": {"0": [265.6472159246617, 250.6110767003591], "3": [80.0, 80.0], "1": [920.0, 80.0], "2": [920.0, 420.0], "white": [265.6472159246617, 250.6110767003591]}}, "17": {"action": [-0.16666666666666666, 0.01], "state": {"0": [265.6251697599708, 250.64927063472598], "3": [80.0, 80.0], "1": [920.0, 80.0], "2": [920.0, 420.0], "white": [265.6251697599708, 250.64927063472598]}}, "18": {"action": [-0.16666666666666666, 0.01], "state": {"0": [265.6031173343182, 250.68746095447898], "3": [80.0, 80.0], "1": [920.0, 80.0], "2": [920.0, 420.0], "white": [265.6031173343182, 250.68746095447898]}}, "19": {"action": [-0.16666666666666666, 0.01], "state": {"0": [265.5810675769452, 250.7256528148656], "3": [80.0, 80.0], "1": [920.0, 80.0], "2": [920.0, 420.0], "white": [265.5810675769452, 250.7256528148656]}}, "20": {"action": [-0.16666666666666666, 0.01], "state": {"0": [265.5590141071063, 250.76384253164989], "3": [80.0, 80.0], "1": [920.0, 80.0], "2": [920.0, 420.0], "white": [265.5590141071063, 250.76384253164989]}}, "21": {"action": [-0.16666666666666666, 0.01], "state": {"0": [265.53696400202585, 250.80203419128839], "3": [80.0, 80.0], "1": [920.0, 80.0], "2": [920.0, 420.0], "white": [265.53696400202585, 250.80203419128839]}}, "22": {"action": [-0.16666666666666666, 0.01], "state": {"0": [265.514913696461, 250.8402257351757], "3": [80.0, 80.0], "1": [920.0, 80.0], "2": [920.0, 420.0], "white": [265.514913696461, 250.8402257351757]}}, "23": {"action": [-0.16666666666666666, 0.01], "state": {"0": [265.49285957443817, 250.87841507533497], "3": [80.0, 80.0], "1": [920.0, 80.0], "2": [920.0, 420.0], "white": [265.49285957443817, 250.87841507533497]}}, "24": {"action": [-0.16666666666666666, 0.01], "state": {"0": [265.470804109872, 250.9166036401518], "3": [80.0, 80.0], "1": [920.0, 80.0], "2": [920.0, 420.0], "white": [265.470804109872, 250.9166036401518]}}, "25": {"action": [-0.16666666666666666, 0.01], "state": {"0": [265.44875750819676, 250.95479732228083], "3": [80.0, 80.0], "1": [920.0, 80.0], "2": [920.0, 420.0], "white": [265.44875750819676, 250.95479732228083]}}, "26": {"action": [-0.16666666666666666, 0.01], "state": {"0": [265.42671451160584, 250.99299308515177], "3": [80.0, 80.0], "1": [920.0, 80.0], "2": [920.0, 420.0], "white": [265.42671451160584, 250.99299308515177]}}, "27": {"action": [-0.16666666666666666, 0.01], "state": {"0": [265.40466547835393, 251.0311853635946], "3": [80.0, 80.0], "1": [920.0, 80.0], "2": [920.0, 420.0], "white": [265.40466547835393, 251.0311853635946]}}, "28": {"action": [-0.16666666666666666, 0.01], "state": {"0": [265.3826132063444, 251.06937577206605], "3": [80.0, 80.0], "1": [920.0, 80.0], "2": [920.0, 420.0], "white": [265.3826132063444, 251.06937577206605]}}, "29": {"action": [-0.16666666666666666, 0.01], "state": {"0": [265.36057149984464, 251.10757227942705], "3": [80.0, 80.0], "1": [920.0, 80.0], "2": [920.0, 420.0], "white": [265.36057149984464, 251.10757227942705]}}, "30": {"action": [-0.16666666666666666, 0.01], "state": {"0": [265.3385325379744, 251.14577037047468], "3": [80.0, 80.0], "1": [920.0, 80.0], "2": [920.0, 420.0], "white": [265.3385325379744, 251.14577037047468]}}}