{"1": {"action": [0.5, 0.01], "state": {"0": [266.0440999997765, 249.99999556032648], "4": [900.0, 380.0], "2": [900.0, 250.0], "5": [100.0, 200.0], "1": [500.0, 250.0], "3": [750.0, 300.0], "white": [266.0440999997765, 249.99999556032648]}}, "2": {"action": [0.5, 0.01], "state": {"0": [266.08819999672596, 249.9999791573913], "4": [900.0, 380.0], "2": [900.0, 250.0], "5": [100.0, 200.0], "1": [500.0, 250.0], "3": [750.0, 300.0], "white": [266.08819999672596, 249.9999791573913]}}, "3": {"action": [0.5, 0.01], "state": {"0": [266.1322999927263, 249.99996037526023], "4": [900.0, 380.0], "2": [900.0, 250.0], "5": [100.0, 200.0], "1": [500.0, 250.0], "3": [750.0, 300.0], "white": [266.1322999927263, 249.99996037526023]}}, "4": {"action": [0.5, 0.01], "state": {"0": [266.1763999926797, 249.9999583484591], "4": [900.0, 380.0], "2": [900.0, 250.0], "5": [100.0, 200.0], "1": [500.0, 250.0], "3": [750.0, 300.0], "white": [266.1763999926797, 249.9999583484591]}}, "5": {"action": [0.5, 0.01], "state": {"0": [266.2204999911762, 249.99996986395297], "4": [900.0, 380.0], "2": [900.0, 250.0], "5": [100.0, 200.0], "1": [500.0, 250.0], "3": [750.0, 300.0], "white": [266.2204999911762, 249.99996986395297]}}, "6": {"action": [0.5, 0.01], "state": {"0": [266.2645999911753, 249.99997014670103], "4": [900.0, 380.0], "2": [900.0, 250.0], "5": [100.0, 200.0], "1": [500.0, 250.0], "3": [750.0, 300.0], "white": [266.2645999911753, 249.99997014670103]}}, "7": {"action": [0.5, 0.01], "state": {"0": [266.30869999105073, 249.99996683167777], "4": [900.0, 380.0], "2": [900.0, 250.0], "5": [100.0, 200.0], "1": [500.0, 250.0], "3": [750.0, 300.0], "white": [266.30869999105073, 249.99996683167777]}}, "8": {"action": [0.5, 0.01], "state": {"0": [266.3527999894795, 249.99997860389166], "4": [900.0, 380.0], "2": [900.0, 250.0], "5": [100.0, 200.0], "1": [500.0, 250.0], "3": [750.0, 300.0], "white": [266.3527999894795, 249.99997860389166]}}, "9": {"action": [0.5, 0.01], "state": {"0": [266.39689998912127, 249.9999842246288], "4": [900.0, 380.0], "2": [900.0, 250.0], "5": [100.0, 200.0], "1": [500.0, 250.0], "3": [750.0, 300.0], "white": [266.39689998912127, 249.9999842246288]}}, "10": {"action": [0.5, 0.01], "state": {"0": [266.4409999883789, 249.9999761327585], "4": [900.0, 380.0], "2": [900.0, 250.0], "5": [100.0, 200.0], "1": [500.0, 250.0], "3": [750.0, 300.0], "white": [266.4409999883789, 249.9999761327585]}}, "11": {"action": [0.5, 0.01], "state": {"0": [266.4850999866166, 249.99996366537323], "4": [900.0, 380.0], "2": [900.0, 250.0], "5": [100.0, 200.0], "1": [500.0, 250.0], "3": [750.0, 300.0], "white": [266.4850999866166, 249.99996366537323]}}, "12": {"action": [0.5, 0.01], "state": {"0": [266.5291999848863, 249.9999760190037], "4": [900.0, 380.0], "2": [900.0, 250.0], "5": [100.0, 200.0], "1": [500.0, 250.0], "3": [750.0, 300.0], "white": [266.5291999848863, 249.9999760190037]}}}